{"roc_auc": 0.9788654060066742, "test_accuracy": 98.33333333333333, "timestamp": "11-03-2024, 09:24:38", "train_accuracy": 100.0}