{"train_accuracy": 100.0, "test_accuracy": 98.33333333333333, "roc_auc": 0.9788654060066742, "timestamp": "11-02-2024, 17:30:15"}