{"roc_auc": 0.9827586206896552, "test_accuracy": 98.33333333333333, "timestamp": "11-02-2024, 23:11:01", "train_accuracy": 100.0}