{"roc_auc": 0.9788654060066742, "test_accuracy": 98.33333333333333, "timestamp": "11-02-2024, 21:20:07", "train_accuracy": 100.0}