{
  "train_accuracy": 100.0,
  "test_accuracy": 98.33333333333333,
  "roc_auc": 0.9788654060066742,
  "elapsed_time": 0.24804329872131348,
  "timestamp": "11-01-2024, 17:30:14"
}