{"train_accuracy": 100.0, "test_accuracy": 98.33333333333333, "roc_auc": 0.9788654060066742, "elapsed_time": 0.192033052444458, "timestamp": "11-01-2024, 16:48:34"}